SP567545,52.186277,-1.171327,585,420
SK5624043540,52.986245,-1.163701,601,422
SK679153,52.73152,-0.995167,596,424
SK038041,52.635078,-1.944539,595,412
SP007801,52.419334,-1.990391,591,411
SK066666,53.196879,-1.901908,606,414
SK281768,53.287863,-1.579192,608,418
SJ878321,52.886657,-2.182004,601,410
SK608791,53.305797,-1.088289,607,424
SP543965,52.564065,-1.199634,593,421
SO338872,52.47914,-2.975413,594,399
SU311090,50.880106,-1.558591,559,412
TL352139,51.807828,-0.03963,576,433
TQ334284,51.039914,-0.097897,560,431
TL232036,51.718037,-0.217242,574,431
TQ113441,51.185738,-0.408138,564,427
TL223709,52.323011,-0.206231,586,433
SU952291,51.053802,-0.642384,562,424
TL410054,51.730021,0.040992,574,434
TL476048,51.722932,0.136235,574,435
ST696353,51.116625,-2.434971,566,402
SX434708,50.516447,-4.209541,557,378
TF552586,53.102452,0.317508,601,441
TQ464125,50.893868,0.081008,557,433
TL309048,51.727077,-0.10539,574,433
NY219412,54.760082,-3.214413,640,403
SX794722,50.53756,-3.702476,556,384
SD911231,53.70469,-2.135531,617,413
TL923487,52.103622,0.807145,581,445
NU092331,55.591879,-1.854785,654,421
SE888685,54.105159,-0.642597,623,431
TL416163,51.827809,0.054118,576,435
SO898112,51.799795,-2.148586,579,407
ST726108,50.896473,-2.390258,561,402
SW546358,50.171774,-5.437334,553,361
TA107800,54.204227,-0.30358,624,436
SE483107,53.591095,-1.271011,613,423
SP644847,52.456899,-1.052938,590,423
TR182447,51.160348,1.119955,561,447
TL779243,51.889291,0.584473,577,441
SK013466,53.017139,-1.981319,603,413
SK303840,53.352459,-1.545506,609,419
TR021434,51.154584,0.889296,561,444
SO368365,52.023749,-2.92175,585,398
ST064291,51.054044,-3.336105,566,390
TF342851,53.346199,0.015208,607,437
TA163556,53.983799,-0.227143,620,436
SU327655,51.388049,-1.53073,569,414
SD936461,53.911448,-2.098144,621,414
TL357323,51.97304,-0.025147,579,434
SO578068,51.758734,-2.612081,579,401
ST232097,50.882121,-3.092361,562,393
SX058543,50.356962,-4.730773,555,370
SP681703,52.327013,-1.00142,588,423
SP775547,52.185547,-0.867095,585,424
ST578043,50.837132,-2.59994,560,399
SE232537,53.979278,-1.646973,622,419
TR105440,51.156945,1.009589,561,445
SJ615135,52.718219,-2.570654,598,405
SJ897781,53.300189,-2.155251,609,411
ST889187,50.968057,-2.158729,562,405
TL642551,52.170162,0.400362,582,440
TL083494,52.132732,-0.418436,583,429
NT913232,55.502931,-2.138485,653,418
SS340031,50.804076,-4.356504,563,377
TR209686,51.373888,1.173263,565,448
SK807246,52.813347,-0.803365,597,426
SX289605,50.419841,-4.409173,556,375
SS770391,51.138375,-3.758795,569,385
TQ216222,50.986805,-0.268198,560,429
SE975210,53.676809,-0.524692,614,432
ST956298,51.067961,-2.063451,564,406
SK173234,52.808314,-1.74405,598,415
SX584549,50.377366,-3.992093,554,380
TQ147999,51.686586,-0.341445,574,429
TF090505,53.041102,-0.374951,601,432
SU739719,51.44172,-0.937391,570,421
TL865293,51.931385,0.712001,577,443
SX422898,50.686858,-4.234529,560,378
TL631221,51.874052,0.368575,577,439
TL540550,52.172202,0.251294,583,438
SX096901,50.679797,-4.695684,561,372
TQ547551,51.274484,0.217164,565,435
SP031717,52.343809,-1.955178,589,411
TF069064,52.645246,-0.420704,593,431
SU622233,51.006173,-1.114132,561,418
SK307809,53.324572,-1.539797,608,419
ST645417,51.173877,-2.508462,567,401
TL988043,51.702642,0.87633,572,445
SK997702,53.219937,-0.507486,605,431
SS874417,51.163886,-3.611019,569,387
SP300871,52.481443,-1.558947,592,416
SU600818,51.532367,-1.135676,572,419
SE308423,53.876425,-1.532241,620,420
SW450313,50.127328,-5.568494,552,359
TQ001517,51.256125,-0.566214,565,426
SP948847,52.452473,-0.605675,589,428
SU858719,51.440044,-0.766213,569,424
ST899886,51.596598,-2.146477,575,407
ST429716,51.440951,-2.8222,573,398
SX044581,50.390633,-4.752406,556,370
SW684426,50.238386,-5.248557,554,363
SO681999,52.596394,-2.471631,595,406
SE457967,54.364209,-1.297407,629,424
SJ552511,53.055708,-2.6691,605,404
SY114955,50.752768,-3.256625,560,390
SK834146,52.723063,-0.765859,595,427
SD932982,54.379686,-2.105419,630,415
SO966779,52.399545,-2.050654,591,410
SU343929,51.63431,-1.505077,574,415
TQ531570,51.291987,0.195058,565,435
ST484297,51.064754,-2.737025,565,398
SE001544,53.986087,-1.999194,622,415
TQ598687,51.395266,0.296316,567,437
TL271993,52.5771,-0.125035,591,434
TQ466585,51.307175,0.102521,566,434
NY673144,54.524262,-2.505948,634,411
ST711273,51.044768,-2.4129,564,402
SJ780046,52.639137,-2.325793,596,407
TQ234737,51.449283,-0.224851,569,430
SK005154,52.736673,-1.993285,597,412
SK284402,52.958861,-1.577925,601,417
SJ431758,53.276556,-2.854006,610,403
SD669002,53.497891,-2.499671,613,408
SK068794,53.311933,-1.898644,609,414
SU222990,51.689762,-1.679516,576,413
SU951157,50.933357,-0.647317,559,424
TQ978694,51.389586,0.842268,566,444
NY083153,54.525099,-3.417569,636,400
TQ662043,50.814838,0.358583,555,436
SX180567,50.382424,-4.56061,555,373
TF151903,53.397417,-0.269659,608,434
TF258827,53.326702,-0.11185,606,436
TM124276,51.906849,1.087118,576,448
SU468739,51.462587,-1.327004,571,417
TQ130983,51.67255,-0.366544,574,429
NZ052937,55.237908,-1.918977,648,419
SO881582,52.222319,-2.17488,587,408
NY657958,55.255608,-2.540374,649,412
NY757386,54.742208,-2.378185,638,413
SZ490806,50.623497,-1.307947,554,415
SO607872,52.481743,-2.579368,593,404
NZ808142,54.517093,-0.752561,631,431
SZ921989,50.78281,-0.694221,556,423
SO203813,52.424304,-3.172736,593,396
SE064306,53.772138,-1.90361,618,416
SK711893,53.396184,-0.931457,609,426
TM211262,51.890899,1.212487,576,449
SJ931636,53.169907,-2.103919,606,412
NZ517343,54.701508,-1.198486,636,426
NY000160,54.529816,-3.545999,636,398
SO716224,51.89986,-2.41343,581,404
SJ692410,52.965913,-2.459268,603,407
SD997155,53.636457,-2.005248,615,414
NY668423,54.774946,-2.516845,639,411
SX608594,50.418385,-3.960029,555,380
SS954105,50.884946,-3.487642,563,388
TQ808290,51.032353,0.577858,559,440
SK472066,52.655516,-1.302927,595,420
SU939068,50.853543,-0.666675,558,423
SP848286,51.949875,-0.766824,580,425
SD435635,54.064769,-2.863989,625,405
SX333871,50.660116,-4.359193,560,376
SX429992,50.771514,-4.228634,562,378
SS874450,51.193548,-3.612054,569,387
TQ467023,50.80213,0.081187,555,433
SU231468,51.220377,-1.669896,566,412
SU033970,51.672207,-1.952948,576,409
SK510595,53.130665,-1.23847,604,422
NZ584086,54.469846,-1.099639,631,427
TQ452468,51.202399,0.077705,563,434
SX791559,50.390977,-3.70144,553,384
SP657945,52.544833,-1.031877,592,423
SJ665574,53.113166,-2.501173,606,407
SY024803,50.614674,-3.380154,557,389
ST568632,51.366659,-2.621201,571,400
SE065765,54.18467,-1.901124,626,417
TF357259,52.814,0.01276,596,436
TQ415882,51.575345,0.041271,571,434
SK075233,52.807639,-1.889433,599,413
SE050178,53.657107,-1.925056,616,415
SE047106,53.592394,-1.929702,614,415
NY386223,54.592579,-2.950962,636,406
SU520507,51.253545,-1.255547,566,417
SE016370,53.829697,-1.976406,619,415
SU711063,50.852298,-0.990615,558,419
SK371983,53.480556,-1.441674,612,420
TQ737906,51.587908,0.506691,571,440
SW941576,50.382625,-4.896844,556,368
SD522018,53.511139,-2.721493,614,405
TQ978326,51.05909,0.821971,560,443
TL859211,51.857943,0.698866,576,443
SP294267,51.938474,-1.573015,581,415
SK241500,53.047163,-1.641206,603,417
TF066164,52.735167,-0.4219,595,431
SS777481,51.219415,-3.751859,570,386
SJ949714,53.240041,-2.077118,608,412
SE225705,54.130296,-1.656404,625,419
TQ364504,51.236919,-0.046806,564,432
SK058480,53.029694,-1.914215,603,413
SO504679,52.307409,-2.728158,590,402
NZ354726,55.047076,-1.446712,643,424
SZ491952,50.754772,-1.304596,556,415
TR086382,51.105558,0.979102,560,445
TQ904509,51.225958,0.726173,563,442
NZ036844,55.154354,-1.944254,646,419
TQ816834,51.520749,0.616886,569,441
SP773867,52.473204,-0.862668,590,425
NU002288,55.553328,-1.997587,654,419
SO702371,52.031946,-2.435056,584,404
NZ320146,54.526112,-1.506309,633,422
TQ748843,51.530977,0.519422,569,440
SK730108,52.69041,-0.920654,595,425
SX253674,50.480775,-4.463019,557,374
TL536065,51.736595,0.223782,574,437
SK335727,53.250698,-1.498624,607,419
SK733339,52.897989,-0.911045,599,425
SX388615,50.431628,-4.270363,556,377
SD992042,53.534889,-2.012778,613,414
TF171224,52.786909,-0.264322,596,433
SE542894,54.297778,-1.167931,627,426
TQ136156,50.929113,-0.384184,559,427
TQ303238,50.999283,-0.143741,560,430
SO995104,51.792696,-2.00792,578,409
SK538903,53.407215,-1.191422,610,423
NZ748128,54.505434,-0.84558,631,430
SD385912,54.313112,-2.946042,631,405
TA168098,53.572235,-0.236854,612,435
TQ924403,51.130083,0.749109,561,442
SU567035,50.828711,-1.195588,558,417
SE057639,54.071438,-1.913617,624,416
SY550939,50.743404,-2.638425,559,398
TQ723968,51.644031,0.489549,572,440
SK290148,52.730505,-1.571247,597,417
TL207345,51.996269,-0.242627,580,431
SO846697,52.325619,-2.226643,589,408
SK044958,53.45937,-1.93444,612,414
ST576533,51.277706,-2.608531,569,400
TF261250,52.808243,-0.129942,596,435
TL991487,52.101218,0.906298,580,446
TL749550,52.165978,0.556609,582,442
SP905090,51.772802,-0.689041,576,425
TM249841,52.409069,1.30592,586,451
SK929196,52.766451,-0.623828,596,428
ST686457,51.210084,-2.450167,567,402
TQ122286,51.04624,-0.400084,561,427
SW833432,50.249425,-5.040268,554,366
SD478113,53.596101,-2.789423,616,405
SP398544,52.186855,-1.418519,586,417
SJ516136,52.718322,-2.717219,598,403
SU493952,51.653876,-1.288038,574,418
SP531658,52.288216,-1.222206,587,420
NY609428,54.779014,-2.608625,639,410
TQ400630,51.349274,0.009666,566,433
SU530609,51.345161,-1.239706,568,417
NY317503,54.843273,-3.064299,641,405
SP581212,51.886777,-1.156503,579,420
TQ485728,51.435174,0.135731,568,435
SJ621873,53.381621,-2.570469,611,407
SP018491,52.140634,-1.974376,585,411
TQ453007,50.788104,0.060701,555,433
SD581102,53.58714,-2.633659,616,406
TR090273,51.007531,0.978517,558,445
SU368467,51.218761,-1.473747,566,414
NU058020,55.312483,-1.909373,649,420
TQ143054,50.83729,-0.377415,557,427
SP147788,52.407451,-1.784594,591,413
SP691935,52.535424,-0.981957,592,423
NZ124483,54.829815,-1.807716,639,420
SE749098,53.579885,-0.869434,613,427
TL813086,51.747187,0.62561,574,442
TQ412981,51.664377,0.040933,573,434
SU605321,51.085476,-1.13689,563,418
TL391247,51.903913,0.021245,578,434
NY179350,54.703741,-3.274806,639,402
SZ350865,50.677559,-1.505295,555,412
SZ131951,50.755798,-1.814938,557,409
NZ253672,54.999168,-1.605255,642,422
TL551807,52.402761,0.279187,587,439
NY816290,54.656189,-2.285935,636,414
SK138100,52.687955,-1.796533,596,414
TL878018,51.683977,0.715993,572,443
SO402915,52.518531,-2.881966,595,400
ST815603,51.341928,-2.266258,570,404
ST894927,51.633453,-2.15382,575,407
SP597364,52.023252,-1.13062,582,420
NY858455,54.804602,-2.221644,639,415
SE810950,54.344552,-0.754715,628,431
ST476062,50.853381,-2.745053,561,397
SD783802,54.217501,-2.3335,628,412
ST537679,51.408672,-2.666341,572,400
ST743928,51.633863,-2.371995,576,404
SO495396,52.05292,-2.737138,585,401
TF350966,53.449299,0.032134,609,438
NZ295821,55.132825,-1.538065,645,423
SX490595,50.416367,-4.126049,555,378
TL706306,51.94816,0.481622,578,440
TL738067,51.732496,0.516133,574,440
SU131855,51.568666,-1.811661,574,411
TQ594914,51.59932,0.300821,571,437
ST661480,51.230621,-2.486172,568,401
NZ517167,54.543358,-1.201588,632,426
ST667822,51.538159,-2.480793,574,402
SZ682992,50.788809,-1.033124,557,419
SS735097,50.873373,-3.798545,563,384
SX212858,50.644847,-4.529589,560,374
NZ809021,54.408361,-0.754323,629,431
TL907165,51.815014,0.765948,575,443
SU842038,50.828064,-0.805132,557,422
NY313195,54.56648,-3.063261,636,404
SD472855,54.262864,-2.811323,629,406
SK625041,52.6315,-1.077247,594,423
ST904623,51.360132,-2.138539,570,406
TG407099,52.633846,1.556421,590,455
TF668363,52.898685,0.4791,597,442
SU191682,51.412945,-1.726028,570,412
SW677307,50.131262,-5.251088,552,363
TL960267,51.904776,0.848521,577,445
NZ011183,54.560368,-1.983723,634,417
SX626738,50.548234,-3.940001,557,381
TQ246795,51.501145,-0.205547,570,431
ST480003,50.800366,-2.738533,560,397
NT892062,55.350136,-2.171067,650,417
SO552355,52.016552,-2.653481,584,402
ST902072,50.864669,-2.139905,560,405
SK503456,53.005795,-1.251101,602,421
SK229552,53.093957,-1.658736,604,417
TR070201,50.943595,0.945951,557,444
SU804362,51.119894,-0.851916,563,422
TR012354,51.083056,0.871982,560,443
SD555539,53.979672,-2.679249,623,407
SD650911,54.31472,-2.538727,630,410
SJ244301,52.863499,-3.123644,602,398
SP095142,51.826782,-1.862825,579,411
TA074424,53.867134,-0.367439,618,434
TL222485,52.121748,-0.215784,582,432
SD873803,54.218703,-2.195488,628,413
SX647948,50.737466,-3.91805,561,382
TQ828683,51.384733,0.626364,566,441
TQ251331,51.084022,-0.214597,561,430
NY721194,54.569482,-2.432265,635,411
SE273084,53.571934,-1.588459,613,419
ST524525,51.270102,-2.682969,569,399
SP302107,51.794582,-1.562775,578,414
TA197016,53.497914,-0.196218,610,435
TL885385,52.013331,0.746104,579,444
TQ814178,50.931554,0.580819,557,440
TL396872,52.46533,0.054229,589,436
SD528481,53.927308,-2.719516,623,406
TL827138,51.793436,0.648601,575,442
SS327149,50.909721,-4.380331,565,377
TQ793823,51.511603,0.583211,569,441
NZ941053,54.434842,-0.550006,629,433
ST029202,50.973456,-3.383642,565,389
SU558743,51.465368,-1.197403,571,418
SY402979,50.778033,-2.848812,560,396
TM019577,52.181011,0.952464,582,447
SX658654,50.473478,-3.89184,556,381
SJ392963,53.460365,-2.916431,613,403
ST773487,51.237472,-2.325815,568,403
NZ212518,54.860973,-1.670477,640,421
SD963335,53.798228,-2.056887,619,414
TM451893,52.447056,1.60611,587,455
SD331462,53.908061,-3.019063,623,403
TL071155,51.828295,-0.446536,577,428
NZ664052,54.438313,-0.976984,630,428
SY171981,50.776987,-3.176428,560,392
TL012973,52.56456,-0.5077,592,429
TQ946485,51.202987,0.784947,563,443
SX673841,50.641897,-3.877381,559,382
TL713071,51.736858,0.480165,574,440
SY507899,50.707087,-2.698828,558,397
SP503058,51.749085,-1.272057,576,418
SU745970,51.667285,-0.923447,574,422
TF142051,52.632078,-0.313309,593,432
SK505268,52.836792,-1.251041,598,421
NY159513,54.849851,-3.310562,642,402
SU787105,50.889075,-0.881768,558,421
SZ606917,50.722216,-1.142162,556,417
SU471324,51.089429,-1.328148,563,416
TL548263,51.914149,0.249994,578,437
TA114356,53.805201,-0.309101,616,435
SK200698,53.22531,-1.701132,607,417
ST726372,51.133861,-2.392257,566,402
SE434643,54.073241,-1.337477,623,423
TL181141,51.813497,-0.287465,576,430
TL016000,51.690006,-0.530846,574,427
TF246091,52.665732,-0.158215,593,434
TF440327,52.872934,0.138821,597,438
NY507159,54.536396,-2.762648,635,408
SP941343,51.999613,-0.629985,580,427
NY838320,54.683225,-2.252002,637,414
TQ796940,51.616598,0.593505,571,441
TL064217,51.884151,-0.454782,578,428
SX414542,50.366737,-4.230702,554,377
SP270564,52.205609,-1.605581,586,415
SP595802,52.417004,-1.12584,590,421
SX109856,50.639798,-4.675005,560,372
SU856481,51.226121,-0.774805,565,423
SD968178,53.65712,-2.049131,616,413
SD767224,53.697953,-2.353609,617,410
TG072314,52.84066,1.075753,595,449
SS927378,51.129849,-3.534087,568,388
NZ168239,54.610418,-1.740626,635,420
SX132765,50.558792,-4.637937,559,372
NY898628,54.960162,-2.160033,642,416
TF404729,53.235003,0.102885,604,438
TQ298662,51.380452,-0.135546,567,431
SS849313,51.06991,-3.643436,567,386
TQ564463,51.194952,0.237676,563,436
TM044146,51.793116,0.963307,574,446
NZ328556,54.894495,-1.489343,640,423
NY693777,55.093207,-2.481773,646,412
NY313157,54.532336,-3.062374,635,404
TQ438146,50.913393,0.044891,558,433
TF845422,52.945882,0.745281,598,445
SX584741,50.549928,-3.999359,557,380
SU613913,51.617635,-1.115281,573,420
TL332452,52.089557,-0.0565,581,434
TQ041393,51.143947,-0.512508,563,426
TQ706608,51.321154,0.447621,565,439
TG283009,52.558433,1.367321,589,452
TM056994,52.554012,1.032047,590,448
SP795959,52.555577,-0.828089,592,425
TQ321623,51.344874,-0.103964,567,432
SU519506,51.252655,-1.256994,566,417
TA220071,53.546796,-0.159424,611,436
SP460773,52.392235,-1.324715,589,419
TQ553321,51.067661,0.215829,561,435
TQ781857,51.542522,0.567655,570,440
SS722257,51.016891,-3.822629,566,384
SK431335,52.897659,-1.359998,600,420
SP906888,52.490034,-0.666347,590,427
SX179709,50.509966,-4.568918,558,373
NY285060,54.444792,-3.103284,634,403
SJ851575,53.114911,-2.223306,605,410
SJ260908,53.409248,-3.113909,613,400
NY150222,54.58826,-3.316076,637,401
SJ920115,52.701554,-2.119078,597,410
SD722327,53.790306,-2.422692,619,410
TQ809482,51.204793,0.588909,563,440
SP608051,51.741752,-1.120101,576,420
NZ172015,54.409101,-1.735735,631,419
SU769229,51.000801,-0.904738,561,421
SK265259,52.830414,-1.607371,599,417
NZ020710,55.033951,-1.969453,644,418
SU467234,51.008538,-1.335019,562,415
TL392097,51.769108,0.016666,575,434
TL367653,52.269301,0.00265,585,435
SP457417,52.072227,-1.333928,583,418
SO328585,52.221039,-2.984386,589,398
SP791147,51.825767,-0.852925,577,424
SJ852575,53.114913,-2.221812,605,410
SK813994,53.485476,-0.775492,611,428
SK797711,53.231399,-0.806723,606,427
TM337785,52.35513,1.431153,585,453
TL682418,52.049494,0.452229,580,440
SD209947,54.342135,-3.21744,632,402
TL039897,52.495753,-0.470258,590,430
TQ447830,51.527809,0.085279,570,434
SD399838,54.246782,-2.923038,629,405
TQ651957,51.636308,0.385069,572,438
TL476318,51.965517,0.147752,579,436
SK002719,53.24456,-1.997705,608,413
SP335739,52.362576,-1.508732,589,417
TF320865,53.359329,-0.017234,607,437
NZ008020,54.413883,-1.988402,631,416
TM144931,52.494069,1.157581,588,450
ST212197,50.971757,-3.122948,564,393
TL864844,52.426228,0.740815,587,444
SZ301939,50.744376,-1.57404,557,412
ST301377,51.134741,-2.999693,567,395
SD822675,54.103514,-2.27294,625,412
TL680560,52.177103,0.456319,583,440
SW997804,50.589351,-4.830395,560,370
SD408449,53.897316,-2.901619,622,404
TF926302,52.835301,0.858574,595,447
TQ540297,51.046446,0.196269,560,435
SO431801,52.416368,-2.837286,592,401
SO934557,52.199933,-2.097246,587,409
SD531980,54.37577,-2.72272,631,408
NY642703,55.026371,-2.560748,644,411
NY426265,54.630789,-2.88989,637,406
SP712357,52.015604,-0.963195,581,423
ST517031,50.825864,-2.686403,560,398
TL184076,51.755019,-0.285332,575,430
SD679221,53.694788,-2.486856,617,409
SD722661,54.090487,-2.425739,625,410
TM540924,52.470804,1.73914,587,457
SD709126,53.60958,-2.440532,616,409
SD893671,54.100116,-2.164345,625,413
TM095549,52.153042,1.061731,581,448
SD883910,54.31489,-2.180572,629,414
SJ993583,53.122311,-2.011159,605,413
SO467993,52.589321,-2.78744,596,402
TL890074,51.733867,0.736365,573,443
TQ797132,50.890762,0.554388,557,439
SJ973395,52.95331,-2.040883,602,412
TR027623,51.324099,0.908555,565,444
SO936087,51.777374,-2.093434,578,408
SD653529,53.971437,-2.529714,623,409
TL575425,52.058925,0.296651,580,438
TL111277,51.937159,-0.384591,579,429
SK054880,53.38925,-1.919511,610,415
SE581526,53.966652,-1.115089,621,425
NY714473,54.820161,-2.445834,640,412
SS796153,50.925011,-3.713738,564,385
SZ489882,50.691845,-1.308358,555,415
TA224695,54.107252,-0.128568,622,437
SU630118,50.902688,-1.10472,559,418
TF712210,52.7599,0.536425,594,443
SD456283,53.748659,-2.825643,619,405
SU728383,51.13979,-0.960059,564,420
ST663687,51.416755,-2.485269,572,402
SJ303004,52.59735,-3.029712,596,399
TQ290312,51.066083,-0.159624,561,430
SU976611,51.341055,-0.599459,567,425
TL275296,51.950719,-0.145455,579,432
SX290991,50.766684,-4.425535,562,376
SW907639,50.438007,-4.948114,557,368
SE246324,53.787777,-1.627332,618,419
ST964833,51.549024,-2.052583,574,408
TF208893,53.38716,-0.184362,608,435
TR117554,51.258867,1.033447,563,446
TQ282581,51.308021,-0.16144,566,431
SU543161,50.942234,-1.227791,560,417
ST912750,51.474338,-2.127367,572,407
ST438515,51.260327,-2.806074,569,398
SU456829,51.543602,-1.343114,572,417
NY844121,54.504409,-2.241634,633,414
SU993751,51.466604,-0.571144,570,426
SY321968,50.76725,-2.963477,560,394
TQ076767,51.479469,-0.451216,570,428
SD987501,53.947438,-2.020525,622,415
NZ827108,54.486239,-0.724171,631,431
SO631713,52.338976,-2.542273,590,404
TQ068078,50.860296,-0.483186,557,426
SO772789,52.408068,-2.335847,591,407
SX201957,50.733448,-4.549952,562,374
ST647048,50.842091,-2.502005,560,400
SJ911958,53.459311,-2.134747,612,412
SD568176,53.653543,-2.654324,617,406
SZ567871,50.681247,-1.198111,555,416
TL771364,51.998223,0.579089,579,441
TL873623,52.227467,0.741731,583,444
NY575537,54.876682,-2.663085,641,410
TQ393399,51.141861,-0.009362,562,433
TF103812,53.316679,-0.344986,607,433
SO869937,52.541438,-2.193841,594,409
SK174898,53.405172,-1.738982,610,417
TF736090,52.651369,0.565622,592,443
TF001336,52.890974,-0.512865,598,430
TR129598,51.297928,1.053239,564,446
SE667974,54.368186,-0.974109,629,428
TM235745,52.323479,1.278981,584,451
ST774649,51.38314,-2.325412,571,404
TL245100,51.775264,-0.196143,575,432
TL524141,51.805204,0.20975,575,437
TQ499863,51.556104,0.161588,571,435
SU328172,50.953747,-1.533691,561,413
TQ247641,51.362722,-0.209526,567,430
TA172686,54.100377,-0.208409,622,436
TL015674,52.295794,-0.512351,586,429
SK838064,52.649303,-0.762024,594,426
TQ016259,51.023941,-0.551999,561,425
NY251239,54.605133,-3.160254,637,403
NZ671141,54.518191,-0.964175,632,429
SX917791,50.601997,-3.530985,557,387
TL274962,52.549176,-0.121801,591,434
SP267410,52.067173,-1.611177,583,415
TF091718,53.232468,-0.366215,605,433
TQ482808,51.507135,0.134772,569,435
NY435360,54.716254,-2.87779,638,407
ST128074,50.859966,-3.239613,562,391
SK459158,52.738326,-1.320862,596,420
SK094338,52.901997,-1.860947,600,414
SE633031,53.521199,-1.045964,612,425
SX788987,50.775637,-3.719618,561,385
TL973735,52.32454,0.894501,585,446
ST367430,51.183161,-2.90631,568,396
SP091880,52.49028,-1.866665,592,413
TQ099846,51.550032,-0.415648,571,428
SU307338,51.103128,-1.562184,564,413
SD871394,53.851109,-2.196809,620,412
ST803258,51.03167,-2.281587,564,403
SJ826043,52.636608,-2.257802,596,408
TQ377771,51.476541,-0.017866,569,433
TQ406353,51.100206,0.007416,562,433
NZ336266,54.633845,-1.480219,635,423
NY361683,55.005582,-2.999799,645,406
TA095199,53.664551,-0.343494,614,434
SE995052,53.534467,-0.499466,611,432
SK759541,53.079174,-0.867665,603,426
ST056362,51.117739,-3.349372,567,390
TQ744144,50.903167,0.47968,557,438
SK923542,53.077492,-0.622888,602,429
SP583619,52.252632,-1.146653,586,421
TQ308894,51.588712,-0.112596,571,432
SD347323,53.783353,-2.991754,620,403
SK637487,53.032232,-1.050823,602,424
SO811196,51.87509,-2.275208,581,406
TQ489556,51.280521,0.134285,565,434
NY553115,54.497284,-2.690895,634,408
NZ305868,55.174997,-1.521877,646,424
SD872247,53.718989,-2.194675,617,412
TQ356136,50.90639,-0.072052,558,431
SU357216,50.993139,-1.491976,562,413
ST019268,51.032617,-3.399666,566,389
TQ160556,51.288167,-0.337196,566,429
SP866573,52.207563,-0.73336,585,426
TA028875,54.27325,-0.422074,626,434
TQ723213,50.965787,0.453104,558,438
NZ146712,55.035539,-1.772312,643,421
SK268856,53.367029,-1.59795,609,418
NT981524,55.765373,-2.031043,658,420
SK380598,53.134445,-1.432716,604,420
SU852229,50.999633,-0.78648,561,422
SU772270,51.037622,-0.899591,561,421
NU235059,55.347002,-1.630189,649,423
SD535705,54.128677,-2.71229,626,407
SW794494,50.303659,-5.098505,555,365
SK432857,53.366844,-1.351488,609,421
SX059806,50.593242,-4.743017,560,371
SZ425859,50.671665,-1.399223,555,414
SZ045950,50.755028,-1.936857,558,407
SD881185,53.663285,-2.180798,616,412
TL502243,51.897439,0.182296,577,437
SD574352,53.811772,-2.647675,620,407
SK992246,52.810264,-0.528974,597,430
TG098436,52.949162,1.122162,597,450
SE345204,53.679365,-1.478411,616,420
SK609215,52.78808,-1.097664,597,423
TQ596279,51.028745,0.275298,560,436
TL710431,52.060314,0.493671,580,441
TQ523414,51.15203,0.176969,562,435
SE394987,54.382707,-1.394093,630,423
NY849392,54.747962,-2.235316,638,414
NZ084254,54.624106,-1.870637,635,418
ST556116,50.902608,-2.632068,562,399
TL336578,52.202674,-0.045714,584,434
TQ900850,51.532357,0.738679,569,443
SO501587,52.224678,-2.731196,588,401
TQ564036,50.811276,0.219288,555,435
SD719545,53.986218,-2.429249,623,410
SO719534,52.178577,-2.411624,587,405
SX770562,50.393238,-3.731066,554,383
SW703199,50.035296,-5.208282,550,363
SK391473,53.022009,-1.417793,602,419
SU835144,50.923464,-0.81265,559,422
SE155121,53.60567,-1.766463,614,417
SS988010,50.80015,-3.436698,561,388
SU304822,51.53833,-1.56235,573,414
SE050334,53.79732,-1.924807,619,415
SP444086,51.774757,-1.357157,577,417
SK927334,52.890503,-0.622875,598,429
NY389564,54.899013,-2.953493,642,407
TQ960877,51.554554,0.826576,570,444
TQ034178,50.950807,-0.528647,559,425
SY653858,50.671274,-2.491689,557,400
TL792327,51.964319,0.607714,578,442
SO495284,51.952233,-2.735485,583,400
TQ208870,51.569374,-0.257694,571,430
ST310089,50.875913,-2.981351,562,394
TM259475,52.080162,1.29614,580,451
SE220224,53.698015,-1.667505,616,418
SK597114,52.697431,-1.117291,595,422
NY909121,54.504568,-2.141258,633,415
SJ815224,52.79928,-2.275079,599,408
ST362664,51.393485,-2.917648,572,397
TM410841,52.40222,1.542157,586,454
TF590010,52.583985,0.346152,591,440
SZ548810,50.626578,-1.225903,554,416
SJ413275,52.84224,-2.872181,601,401
NZ063407,54.761631,-1.902834,638,418
ST375286,51.053779,-2.892367,565,396
TM382605,52.191671,1.4844,582,453
SK909762,53.275431,-0.63753,606,429
SJ766927,53.431001,-2.352893,612,409
SD829866,54.275194,-2.263325,629,413
ST074374,51.128821,-3.323971,567,391
SD901742,54.163943,-2.152346,626,414
NY665530,54.871077,-2.52275,641,411
TQ468754,51.458979,0.11237,569,435
TG147053,52.603459,1.16988,590,450
NZ389606,54.938987,-1.393566,641,425
TQ040837,51.54306,-0.500973,571,427
SP826711,52.332215,-0.788506,587,426
SK987652,53.175194,-0.524002,604,431
SU969366,51.120939,-0.616127,563,425
TM233628,52.218546,1.268312,582,451
TQ880129,50.885427,0.672112,556,441
TF042026,52.611622,-0.461792,593,430
TL192208,51.873475,-0.269208,577,431
SS486112,50.880864,-4.152815,564,380
SX357744,50.546683,-4.319646,558,376
ST849486,51.236826,-2.216949,568,405
SP717487,52.132397,-0.953181,584,423
SD778963,54.362171,-2.342366,631,412
TG126243,52.77483,1.151185,594,450
SU051621,51.358394,-1.927417,570,409
SS432273,51.024089,-4.236452,567,379
NZ202673,55.000299,-1.68497,642,422
SX509784,50.586706,-4.106872,558,379
SO768057,51.749956,-2.336734,578,405
TQ305437,51.178085,-0.133707,563,431
TQ459652,51.367559,0.09523,567,434
TL440992,52.571992,0.124144,591,437
SW982526,50.339136,-4.836569,555,369
SD327088,53.571911,-3.017001,616,402
SJ338127,52.708345,-2.980518,598,400
ST815830,51.546033,-2.267448,574,405
NY235121,54.498872,-3.181948,635,403
SK378665,53.194682,-1.434915,606,420
TF333616,53.135319,-0.008131,602,437
TL333209,51.871184,-0.064476,577,433
SP181200,51.878717,-1.737736,580,413
NY465053,54.440718,-2.825629,633,407
SP523525,52.168732,-1.235988,585,419
NZ425408,54.760776,-1.340287,637,425
SK626450,52.999107,-1.06794,601,424
SE236915,54.318976,-1.637925,629,420
TQ511235,50.991504,0.152348,559,434
TL645351,51.990419,0.395105,579,439
TL605075,51.743647,0.324082,574,438
NT749030,55.320859,-2.396284,650,414
TL693748,52.345564,0.484737,586,441
SU074405,51.164146,-1.894828,566,409
TQ278701,51.415955,-0.162865,568,431
TQ678359,51.098285,0.395836,561,437
TQ721405,51.138337,0.459382,562,438
ST138128,50.908664,-3.226683,563,391
SP887526,52.164986,-0.703865,584,426
NY761832,55.143004,-2.375693,646,414
SU311028,50.824355,-1.559116,558,412
SK897027,52.615107,-0.675844,593,427
ST753318,51.085428,-2.353299,565,403
SE835112,53.591168,-0.7392,613,429
TF234743,53.2518,-0.151126,605,435
TL049598,52.226854,-0.464875,585,429
NZ767169,54.541989,-0.815179,632,430
TR236402,51.117863,1.194265,560,448
SP154679,52.309441,-1.774803,589,413
SD933374,53.833251,-2.102519,620,413
TG297307,52.825263,1.408721,595,453
TQ828905,51.584133,0.637851,570,442
TA152619,54.04064,-0.241524,621,436
NY225135,54.511299,-3.197753,635,402
NY680640,54.97002,-2.500603,643,412
SO987196,51.875411,-2.019556,580,409
TQ315708,51.4214,-0.109429,568,432
SY707844,50.658982,-2.415165,556,401
SK613393,52.948025,-1.088386,600,423
SX573620,50.440912,-4.010253,555,380
NY035045,54.427181,-3.488178,634,399
TM028951,52.516458,0.988183,589,448
SD632121,53.604601,-2.556847,616,407
SS528442,51.178491,-4.106562,570,381
SS744365,51.114443,-3.795033,568,385
SP206938,52.542109,-1.696942,593,415
SX751658,50.47913,-3.760983,555,383
TL271993,52.5771,-0.125035,591,434
SD549927,54.328305,-2.694209,630,408
ST655574,51.315105,-2.495674,570,402
ST630154,50.937299,-2.527224,562,400
TM072178,51.820817,1.005761,575,446
TL678066,51.733425,0.429285,574,439
TQ314076,50.853435,-0.133909,557,430
SJ897564,53.105132,-2.154547,605,411
TF224567,53.093909,-0.172837,602,435
TF075382,52.930882,-0.4014,599,431
NZ621227,54.596104,-1.039588,633,428
SD771407,53.862447,-2.348914,621,411
NY356321,54.680261,-2.999541,638,405
SP733823,52.434206,-0.92251,590,424
TA300234,53.6913,-0.031959,614,438
NY365032,54.420696,-2.979342,633,405
SZ233957,50.760875,-1.670302,557,411
ST375060,50.850579,-2.888483,561,395
SP163392,52.051393,-1.762976,583,413
SK543536,53.07731,-1.190151,603,422
ST888984,51.684691,-2.162673,576,407
NY398120,54.500172,-2.930285,634,406
SW492382,50.191057,-5.514391,553,360
ST685893,51.602099,-2.455479,575,403
TF338742,53.248384,0.004612,605,437
SD945312,53.77754,-2.084173,618,414
SP317980,52.579333,-1.532878,593,417
TL790184,51.835947,0.597384,576,441
ST160368,51.124753,-3.200962,567,392
SP621606,52.24053,-1.091234,586,421
TF004492,53.031102,-0.503575,601,430
TQ076155,50.929364,-0.469557,559,426
SW998467,50.286686,-4.810984,554,369
SE271375,53.83349,-1.58894,619,419
SU072812,51.530109,-1.896872,573,410
TL548210,51.866534,0.247617,577,437
SP907673,52.296783,-0.670693,586,427
TQ194682,51.400709,-0.284238,568,429
SE117062,53.552738,-1.824111,613,416
SX917549,50.384444,-3.523968,553,386
SJ756962,53.462415,-2.368215,613,409
TL687247,51.895742,0.451114,577,440
SD241778,54.190769,-3.163942,628,402
SS392220,50.975364,-4.291091,566,378
SJ572350,52.911156,-2.637129,602,404
SW745406,50.222785,-5.161963,553,365
SE408035,53.527019,-1.385249,612,421
SE874256,53.719928,-0.676248,615,430
SP419926,52.530102,-1.383041,592,419
TQ546999,51.677024,0.235326,573,437
SX243765,50.562235,-4.481386,559,374
TL128946,52.538018,-0.337559,591,431
TF979136,52.684352,0.927128,592,447
SU862597,51.330311,-0.763419,567,423
TQ544660,51.372501,0.217586,567,436
NZ408478,54.823818,-1.36572,638,425
SJ587922,53.425407,-2.622222,612,406
TQ610149,50.91155,0.289494,557,436
TM025514,52.124227,0.957474,581,446
SD768048,53.539768,-2.35078,614,410
TL317733,52.342401,-0.067451,587,434
SX084681,50.481782,-4.701312,557,371
TL269223,51.885257,-0.156869,578,432
SS646422,51.163435,-3.937101,569,383
NX992125,54.498215,-3.557159,635,398
TQ494233,50.99015,0.128061,559,434
SX155896,50.677206,-4.612016,561,373
SE778838,54.244415,-0.80684,626,430
TM020344,51.971772,0.940138,578,446
TQ145719,51.434974,-0.353451,569,429
TF521569,53.088074,0.270439,601,440
SP866010,51.701508,-0.747539,575,424
SU673552,51.292403,-1.035495,567,420
SK186476,53.025808,-1.723384,603,416
SX604911,50.703195,-3.977548,560,381
NU224319,55.58067,-1.645446,654,423
SS763417,51.161592,-3.769689,569,385
SS250116,50.877791,-4.488167,565,375
SX548909,50.700026,-4.056719,560,380
SD537311,53.774607,-2.703245,619,406
TR370677,51.359322,1.403568,565,451
TL591688,52.29472,0.332298,585,439
SO609565,52.205774,-2.572843,588,403
TQ535654,51.367354,0.204407,567,436
SJ665233,52.806646,-2.49764,600,406
SZ030793,50.613852,-1.958246,555,406
TL038364,52.016759,-0.488107,581,428
NY975903,55.207377,-2.040032,647,418
SS927464,51.207152,-3.536655,570,388
TM150723,52.307124,1.153055,584,449
ST577736,51.460233,-2.609517,573,401
SJ897019,52.615214,-2.152813,595,409
TQ169915,51.610639,-0.312441,572,430
NZ315027,54.419203,-1.515299,630,422
TQ594170,50.930862,0.267671,558,435
SX539688,50.501188,-4.060758,557,379
SD907071,53.560873,-2.141109,614,412
SX709419,50.26339,-3.811942,551,382
SP624551,52.191056,-1.087854,585,421
SK591699,53.223303,-1.115505,606,424
TR250630,51.322006,1.228535,565,448
TF315398,52.939919,-0.043906,599,436
TL001285,51.946435,-0.544307,579,428
TQ911648,51.350566,0.74362,566,442
SX657775,50.58221,-3.897607,558,382
TQ957954,51.623807,0.826545,571,444
TF820150,52.702495,0.692966,593,444
ST236024,50.816541,-3.085152,561,393
TQ565914,51.600133,0.258985,571,437
TA029570,53.999217,-0.43093,620,434
SK968798,53.306737,-0.547985,607,431
SW643411,50.223298,-5.305022,554,363
NY558774,55.089491,-2.693238,646,410
SE354927,54.32908,-1.456389,629,422
SU026546,51.290973,-1.963375,568,408
TQ016674,51.396984,-0.540252,568,426
TL202276,51.93437,-0.252319,579,431
SJ747342,52.905076,-2.37685,601,408
SS834219,50.985116,-3.661811,565,386
TQ505933,51.618838,0.173236,572,436
SD378206,53.678587,-2.942358,618,403
SE217004,53.500289,-1.673575,612,418
SP181529,52.174506,-1.736002,586,413
TQ807102,50.8635,0.56711,556,439
SD626697,54.122231,-2.572947,626,409
SW776335,50.1602,-5.114418,552,365
SW817591,50.391624,-5.071876,556,366
SX785783,50.592206,-3.717163,558,384
TQ564036,50.811276,0.219288,555,435
TF032873,53.37292,-0.449533,608,432
SD191718,54.136092,-3.238939,627,401
SX959931,50.728619,-3.475599,560,387
SS954105,50.884946,-3.487642,563,388
TQ466402,51.142735,0.09504,562,434
SK078993,53.49079,-1.883147,612,415
SS977284,51.046267,-3.459994,566,389
TQ782361,51.096946,0.544313,561,439
SZ856962,50.759531,-0.787028,556,422
NZ748128,54.505434,-0.84558,631,430
SD284986,54.378286,-3.103039,632,403
SU739719,51.44172,-0.937391,570,421
NY492308,54.670137,-2.788412,637,408
SX772881,50.680022,-3.738768,559,384
SD566546,53.986056,-2.662577,624,407
SK517186,52.762972,-1.234524,597,421
SK517186,52.762972,-1.234524,597,421
TR210379,51.098221,1.155768,560,447
SD826043,53.535499,-2.263235,614,411
TL490177,51.838464,0.162023,576,436
SX695701,50.516559,-3.841369,556,382
SY005876,50.67998,-3.408962,559,388
SJ303004,52.59735,-3.029712,596,399
TR077411,51.131926,0.967934,561,445
TR077411,51.131926,0.967934,561,445
SP758686,52.310724,-0.888839,587,424
TL120824,52.428551,-0.353448,589,431
TL470402,52.041145,0.142627,580,436
SO328585,52.221039,-2.984386,589,398
SO374365,52.023817,-2.913007,585,398
SO495284,51.952233,-2.735485,583,400
SX546781,50.584943,-4.054524,558,380
SJ041025,52.612229,-3.417017,597,394
SO206905,52.507038,-3.170517,595,397
SO279696,52.320194,-3.058476,591,397
SN979768,52.380137,-3.500663,593,392
TR168596,51.294661,1.108973,564,447
NY253249,54.614148,-3.157414,637,403
TQ994558,51.266892,0.857627,564,444
TR364508,51.207877,1.383789,562,450
TR319554,51.251014,1.322456,563,449
SD893042,53.53478,-2.162144,614,412
TQ564036,50.811276,0.219288,555,435
SD899363,53.823309,-2.154144,619,413
SD787274,53.742978,-2.323663,618,411
SD422074,53.560463,-2.873303,615,404
SD717721,54.144383,-2.433946,626,410
SD493577,54.01325,-2.77441,624,406
SD422074,53.560463,-2.873303,615,404
SY211896,50.701123,-3.117886,559,392
NY421016,54.406987,-2.892739,632,406
NY421016,54.406987,-2.892739,632,406
NZ247710,55.033344,-1.614307,643,422
TL746434,52.061887,0.546282,580,441
SO614426,52.080849,-2.563945,585,403
TQ482361,51.105481,0.116212,561,434
TQ488474,51.206865,0.129446,564,434
NZ076694,55.01952,-1.881881,643,419
TQ186872,51.571638,-0.289354,571,430
SO578068,51.758734,-2.612081,579,401
TF823151,52.703292,0.697456,593,444
TM150723,52.307124,1.153055,584,449
NY421016,54.406987,-2.892739,632,406
TQ412516,51.246536,0.022379,564,433
SU058187,50.968137,-1.918056,562,408
NY546551,54.889007,-2.708497,642,409
SX764560,50.391314,-3.739437,554,383
NY345358,54.713365,-3.01743,639,405
SS642370,51.116609,-3.940857,568,383
SD787274,53.742978,-2.323663,618,411
SD899363,53.823309,-2.154144,619,413
NY946684,55.010561,-2.08518,643,417
SD862360,53.820527,-2.210336,619,412
SD787274,53.742978,-2.323663,618,411
SX967786,50.598409,-3.460219,557,387
SX878651,50.475407,-3.581856,555,385
SP274644,52.27751,-1.599081,588,415
SS433396,51.134635,-4.240361,570,379
SS776014,50.799653,-3.737529,562,384
SY082882,50.686641,-3.300157,559,390
SS618458,51.195117,-3.978505,570,383
SE222462,53.911915,-1.662765,620,419
SD899363,53.823309,-2.154144,619,413
SO576107,51.793782,-2.615455,580,401
SP083952,52.55502,-1.878268,593,413
NY312175,54.548496,-3.06434,636,404
SE117354,53.815189,-1.823015,619,417
NY465051,54.43892,-2.825593,633,407
SZ425859,50.671665,-1.399223,555,414
TQ447830,51.527809,0.085279,570,434
SD704156,53.636515,-2.448375,616,409
NY201216,54.583702,-3.237013,637,402
SU074405,51.164146,-1.894828,566,409
ST123543,51.281519,-3.258099,570,392
SX123543,50.359071,-4.639498,555,372